dow,mean_travel_time
1,1.1418606328603358
2,1.217237236475823
3,1.2359696485102574
4,1.2660908243996456
5,1.2736895309709588
6,1.1041368381240875
7,1.0
